{"cameraMode":{"drawMode":0,"name":"Shaded","section":"Shading Mode"},"sceneLighting":true,"audioPlay":false,"sceneViewState":{"m_AlwaysRefresh":false,"showFog":true,"showSkybox":true,"showFlares":true,"showImageEffects":true,"showParticleSystems":true,"showVisualEffectGraphs":true,"m_FxEnabled":true},"in2DMode":false,"pivot":{"x":-0.5217348337173462,"y":0.5128983855247498,"z":1.9874268770217896},"rotation":{"x":-0.13999097049236298,"y":0.17926561832427979,"z":-0.025692792609333993,"w":-0.9734915494918823},"size":1.1660254001617432,"orthographic":false}