{"cameraMode":{"drawMode":0,"name":"Shaded","section":"Shading Mode"},"sceneLighting":true,"audioPlay":false,"sceneViewState":{"m_AlwaysRefresh":false,"showFog":true,"showSkybox":true,"showFlares":true,"showImageEffects":true,"showParticleSystems":true,"showVisualEffectGraphs":true,"m_FxEnabled":true},"in2DMode":false,"pivot":{"x":-0.10895036160945893,"y":0.6605395078659058,"z":-0.23992621898651124},"rotation":{"x":-0.26616543531417849,"y":0.41735512018203738,"z":-0.12911291420459748,"w":-0.8592961430549622},"size":0.2312890589237213,"orthographic":false}