{"cameraMode":{"drawMode":0,"name":"Shaded","section":"Shading Mode"},"sceneLighting":true,"audioPlay":false,"sceneViewState":{"m_AlwaysRefresh":false,"showFog":true,"showSkybox":true,"showFlares":true,"showImageEffects":true,"showParticleSystems":true,"showVisualEffectGraphs":true,"m_FxEnabled":true},"in2DMode":false,"pivot":{"x":-0.7360105514526367,"y":0.059246957302093509,"z":0.9042044878005981},"rotation":{"x":-0.20649665594100953,"y":0.2667441666126251,"z":-0.05853928253054619,"w":-0.9396055936813355},"size":0.8660253882408142,"orthographic":false}