{"cameraMode":{"drawMode":0,"name":"Shaded","section":"Shading Mode"},"sceneLighting":true,"audioPlay":false,"sceneViewState":{"m_AlwaysRefresh":false,"showFog":true,"showSkybox":true,"showFlares":true,"showImageEffects":true,"showParticleSystems":true,"showVisualEffectGraphs":true,"m_FxEnabled":true},"in2DMode":false,"pivot":{"x":-0.6189640760421753,"y":-0.9000781774520874,"z":0.7539452910423279},"rotation":{"x":-0.38851454854011538,"y":0.2038831263780594,"z":-0.08842641860246659,"w":-0.8942888379096985},"size":1.1660254001617432,"orthographic":false}