{"cameraMode":{"drawMode":0,"name":"Shaded","section":"Shading Mode"},"sceneLighting":true,"audioPlay":false,"sceneViewState":{"m_AlwaysRefresh":false,"showFog":true,"showSkybox":true,"showFlares":true,"showImageEffects":true,"showParticleSystems":true,"showVisualEffectGraphs":true,"m_FxEnabled":true},"in2DMode":false,"pivot":{"x":-0.2139039784669876,"y":0.2241477072238922,"z":1.0515990257263184},"rotation":{"x":-0.20063799619674684,"y":0.08717548847198487,"z":-0.017834018915891649,"w":-0.9756569266319275},"size":1.1660254001617432,"orthographic":false}